<Event ID="PlayingWithFire Event" Active="24 Dec 2005-26 Dec 2007"> 
   <Droplist> 
      <AllDrop Items="6403" Count="1,1" Chance="3%" />
   </Droplist> 
   <Droplist> 
      <AllDrop Items="6404" Count="1,1" Chance="2%" />
   </Droplist>
   <Droplist> 
      <AllDrop Items="6405" Count="1,1" Chance="1%" />
   </Droplist>
   <Message Type="OnJoin" Msg="Playing With Fire Event: Collect Elven Firecrackers, Gunpowder, Magnesium and receive reward a event manager!" /> 
   <EventEnd> 
      <Take From="AllPlayers"> 
           <Item ItemID="6403-6404-6405"></Item>
        </Take> 
     </EventEnd> 
</Event>
